228daab4-9b7c-11e6-9f33-a24fc0d9649c,20c5a0c8-9b78-11e6-9f33-a24fc0d9649c
228dae92-9b7c-11e6-9f33-a24fc0d9649c,20c5a49c-9b78-11e6-9f33-a24fc0d9649c
228db07c-9b7c-11e6-9f33-a24fc0d9649c,20c5a69a-9b78-11e6-9f33-a24fc0d9649c
228db20c-9b7c-11e6-9f33-a24fc0d9649c,20c5a85c-9b78-11e6-9f33-a24fc0d9649c
228db784-9b7c-11e6-9f33-a24fc0d9649c,20c5aa1e-9b78-11e6-9f33-a24fc0d9649c
228dba68-9b7c-11e6-9f33-a24fc0d9649c,20c5abb8-9b78-11e6-9f33-a24fc0d9649c
228dbbf8-9b7c-11e6-9f33-a24fc0d9649c,20c5b1c6-9b78-11e6-9f33-a24fc0d9649c
228dbd74-9b7c-11e6-9f33-a24fc0d9649c,20c5b3ba-9b78-11e6-9f33-a24fc0d9649c
228dbedc-9b7c-11e6-9f33-a24fc0d9649c,20c5b554-9b78-11e6-9f33-a24fc0d9649c
228dc058-9b7c-11e6-9f33-a24fc0d9649c,20c5b702-9b78-11e6-9f33-a24fc0d9649c
228dc1de-9b7c-11e6-9f33-a24fc0d9649c,20c5b8b0-9b78-11e6-9f33-a24fc0d9649c
228dc76a-9b7c-11e6-9f33-a24fc0d9649c,20c5ba7c-9b78-11e6-9f33-a24fc0d9649c
228dc904-9b7c-11e6-9f33-a24fc0d9649c,20c5bcb6-9b78-11e6-9f33-a24fc0d9649c
228dca8a-9b7c-11e6-9f33-a24fc0d9649c,20c5c24c-9b78-11e6-9f33-a24fc0d9649c
228dcbfc-9b7c-11e6-9f33-a24fc0d9649c,20c5c422-9b78-11e6-9f33-a24fc0d9649c
228dcd78-9b7c-11e6-9f33-a24fc0d9649c,20c5c5e4-9b78-11e6-9f33-a24fc0d9649c
228dceea-9b7c-11e6-9f33-a24fc0d9649c,20c5c7b0-9b78-11e6-9f33-a24fc0d9649c
228dd3a4-9b7c-11e6-9f33-a24fc0d9649c,20c5c972-9b78-11e6-9f33-a24fc0d9649c
228dd5b6-9b7c-11e6-9f33-a24fc0d9649c,20c5cb8e-9b78-11e6-9f33-a24fc0d9649c
228dd75a-9b7c-11e6-9f33-a24fc0d9649c,20c5d0fc-9b78-11e6-9f33-a24fc0d9649c
228daab4-9b7c-11e6-9f33-a24fc0d9649c,20c5d322-9b78-11e6-9f33-a24fc0d9649c
228dae92-9b7c-11e6-9f33-a24fc0d9649c,20c5d4ee-9b78-11e6-9f33-a24fc0d9649c
228db07c-9b7c-11e6-9f33-a24fc0d9649c,20c5d85e-9b78-11e6-9f33-a24fc0d9649c
228db20c-9b7c-11e6-9f33-a24fc0d9649c,20c5da34-9b78-11e6-9f33-a24fc0d9649c
228db784-9b7c-11e6-9f33-a24fc0d9649c,20c5dbd8-9b78-11e6-9f33-a24fc0d9649c
228dba68-9b7c-11e6-9f33-a24fc0d9649c,20c5dd9a-9b78-11e6-9f33-a24fc0d9649c
228dbbf8-9b7c-11e6-9f33-a24fc0d9649c,20c5e876-9b78-11e6-9f33-a24fc0d9649c
228dbd74-9b7c-11e6-9f33-a24fc0d9649c,20c5ea92-9b78-11e6-9f33-a24fc0d9649c
228dbedc-9b7c-11e6-9f33-a24fc0d9649c,20c5ec18-9b78-11e6-9f33-a24fc0d9649c
228dc058-9b7c-11e6-9f33-a24fc0d9649c,20c5ed9e-9b78-11e6-9f33-a24fc0d9649c
228dc1de-9b7c-11e6-9f33-a24fc0d9649c,20c5ef2e-9b78-11e6-9f33-a24fc0d9649c
228dc76a-9b7c-11e6-9f33-a24fc0d9649c,20c5f0dc-9b78-11e6-9f33-a24fc0d9649c
228dc904-9b7c-11e6-9f33-a24fc0d9649c,20c5f294-9b78-11e6-9f33-a24fc0d9649c
228dca8a-9b7c-11e6-9f33-a24fc0d9649c,20c5f7a8-9b78-11e6-9f33-a24fc0d9649c
228dcbfc-9b7c-11e6-9f33-a24fc0d9649c,20c5f97e-9b78-11e6-9f33-a24fc0d9649c
228dcd78-9b7c-11e6-9f33-a24fc0d9649c,20c5fb0e-9b78-11e6-9f33-a24fc0d9649c
228dceea-9b7c-11e6-9f33-a24fc0d9649c,20c5fca8-9b78-11e6-9f33-a24fc0d9649c
228dd3a4-9b7c-11e6-9f33-a24fc0d9649c,20c5fe6a-9b78-11e6-9f33-a24fc0d9649c
228dd5b6-9b7c-11e6-9f33-a24fc0d9649c,20c60022-9b78-11e6-9f33-a24fc0d9649c
228dd75a-9b7c-11e6-9f33-a24fc0d9649c,20c601a8-9b78-11e6-9f33-a24fc0d9649c
228daab4-9b7c-11e6-9f33-a24fc0d9649c,20c606e4-9b78-11e6-9f33-a24fc0d9649c
228dae92-9b7c-11e6-9f33-a24fc0d9649c,20c608ce-9b78-11e6-9f33-a24fc0d9649c
228db07c-9b7c-11e6-9f33-a24fc0d9649c,20c60af4-9b78-11e6-9f33-a24fc0d9649c
228db20c-9b7c-11e6-9f33-a24fc0d9649c,20c60c8e-9b78-11e6-9f33-a24fc0d9649c
228db784-9b7c-11e6-9f33-a24fc0d9649c,20c60e28-9b78-11e6-9f33-a24fc0d9649c
228dba68-9b7c-11e6-9f33-a24fc0d9649c,20c61da0-9b78-11e6-9f33-a24fc0d9649c
228dbbf8-9b7c-11e6-9f33-a24fc0d9649c,20c61fd0-9b78-11e6-9f33-a24fc0d9649c
228dbd74-9b7c-11e6-9f33-a24fc0d9649c,20c6261a-9b78-11e6-9f33-a24fc0d9649c
228dbedc-9b7c-11e6-9f33-a24fc0d9649c,20c627dc-9b78-11e6-9f33-a24fc0d9649c
228dc058-9b7c-11e6-9f33-a24fc0d9649c,20c62980-9b78-11e6-9f33-a24fc0d9649c
228dc1de-9b7c-11e6-9f33-a24fc0d9649c,20c62b10-9b78-11e6-9f33-a24fc0d9649c
228dc76a-9b7c-11e6-9f33-a24fc0d9649c,20c62caa-9b78-11e6-9f33-a24fc0d9649c
228dc904-9b7c-11e6-9f33-a24fc0d9649c,20c62e44-9b78-11e6-9f33-a24fc0d9649c
228dca8a-9b7c-11e6-9f33-a24fc0d9649c,20c63088-9b78-11e6-9f33-a24fc0d9649c
228dcbfc-9b7c-11e6-9f33-a24fc0d9649c,20c636d2-9b78-11e6-9f33-a24fc0d9649c
228dcd78-9b7c-11e6-9f33-a24fc0d9649c,20c63858-9b78-11e6-9f33-a24fc0d9649c
